Datetime,Water Level (m)
2026-06-16 00:00:00,0.47204888
2026-06-16 01:00:00,0.2528668
2026-06-16 02:00:00,0.06316455
2026-06-16 03:00:00,-0.10165271
2026-06-16 04:00:00,-0.24670117
2026-06-16 05:00:00,-0.061770983
2026-06-16 06:00:00,0.34058484
2026-06-16 07:00:00,0.709141
2026-06-16 08:00:00,1.261104
2026-06-16 09:00:00,1.679561
2026-06-16 10:00:00,1.7066977
2026-06-16 11:00:00,1.4601787
2026-06-16 12:00:00,1.151196
2026-06-16 13:00:00,0.84403545
2026-06-16 14:00:00,0.58889127
2026-06-16 15:00:00,0.38278785
2026-06-16 16:00:00,0.17789719
2026-06-16 17:00:00,-0.006573099
2026-06-16 18:00:00,0.060449753
2026-06-16 19:00:00,0.46191356
2026-06-16 20:00:00,0.7509622
2026-06-16 21:00:00,1.124026
2026-06-16 22:00:00,1.284605
2026-06-16 23:00:00,1.1147804
2026-06-17 00:00:00,0.87825286
2026-06-17 01:00:00,0.6590361
2026-06-17 02:00:00,0.43593106
2026-06-17 03:00:00,0.24120955
2026-06-17 04:00:00,0.06008289
2026-06-17 05:00:00,-0.07545422
2026-06-17 06:00:00,0.15219204
2026-06-17 07:00:00,0.56774616
2026-06-17 08:00:00,0.960252
2026-06-17 09:00:00,1.5063015
2026-06-17 10:00:00,1.8257809
2026-06-17 11:00:00,1.7518052
2026-06-17 12:00:00,1.4658716
2026-06-17 13:00:00,1.1652126
2026-06-17 14:00:00,0.8645661
2026-06-17 15:00:00,0.6330401
2026-06-17 16:00:00,0.43072665
2026-06-17 17:00:00,0.2301983
2026-06-17 18:00:00,0.0778439
2026-06-17 19:00:00,0.25757754
2026-06-17 20:00:00,0.62784815
2026-06-17 21:00:00,0.94826096
2026-06-17 22:00:00,1.3142499
2026-06-17 23:00:00,1.3919272
2026-06-18 00:00:00,1.179858
2026-06-18 01:00:00,0.94128215
2026-06-18 02:00:00,0.72001463
2026-06-18 03:00:00,0.5025651
2026-06-18 04:00:00,0.30832702
2026-06-18 05:00:00,0.12901098
2026-06-18 06:00:00,0.019539317
2026-06-18 07:00:00,0.31173697
2026-06-18 08:00:00,0.6830062
2026-06-18 09:00:00,1.1038388
2026-06-18 10:00:00,1.6161956
2026-06-18 11:00:00,1.8350954
2026-06-18 12:00:00,1.6961715
2026-06-18 13:00:00,1.4116988
2026-06-18 14:00:00,1.1226494
2026-06-18 15:00:00,0.8435742
2026-06-18 16:00:00,0.62582755
2026-06-18 17:00:00,0.42461964
2026-06-18 18:00:00,0.23300667
2026-06-18 19:00:00,0.119512215
2026-06-18 20:00:00,0.3464231
2026-06-18 21:00:00,0.6717568
2026-06-18 22:00:00,1.0102746
2026-06-18 23:00:00,1.3404349
2026-06-19 00:00:00,1.367352
2026-06-19 01:00:00,1.1571891
2026-06-19 02:00:00,0.92747813
2026-06-19 03:00:00,0.7170642
2026-06-19 04:00:00,0.5191007
2026-06-19 05:00:00,0.32862893
2026-06-19 06:00:00,0.16585784
2026-06-19 07:00:00,0.12008449
2026-06-19 08:00:00,0.45426047
2026-06-19 09:00:00,0.7585953
2026-06-19 10:00:00,1.205035
2026-06-19 11:00:00,1.6558504
2026-06-19 12:00:00,1.77918
2026-06-19 13:00:00,1.6148443
2026-06-19 14:00:00,1.3358629
2026-06-19 15:00:00,1.0568732
2026-06-19 16:00:00,0.801311
2026-06-19 17:00:00,0.5985917
2026-06-19 18:00:00,0.3977361
2026-06-19 19:00:00,0.22392638
2026-06-19 20:00:00,0.16574715
2026-06-19 21:00:00,0.43029487
2026-06-19 22:00:00,0.69943404
2026-06-19 23:00:00,1.0418286
2026-06-20 00:00:00,1.3470981
2026-06-20 01:00:00,1.3637089
2026-06-20 02:00:00,1.1727924
2026-06-20 03:00:00,0.95637536
2026-06-20 04:00:00,0.747236
2026-06-20 05:00:00,0.54995006
2026-06-20 06:00:00,0.37623438
2026-06-20 07:00:00,0.23783101
2026-06-20 08:00:00,0.2835162
2026-06-20 09:00:00,0.5714173
2026-06-20 10:00:00,0.84028876
2026-06-20 11:00:00,1.2526717
2026-06-20 12:00:00,1.6161885
2026-06-20 13:00:00,1.6721457
2026-06-20 14:00:00,1.5014842
2026-06-20 15:00:00,1.252335
2026-06-20 16:00:00,0.99302584
2026-06-20 17:00:00,0.75973475
2026-06-20 18:00:00,0.57135946
2026-06-20 19:00:00,0.38183507
2026-06-20 20:00:00,0.23724772
2026-06-20 21:00:00,0.24000406
2026-06-20 22:00:00,0.50620914
2026-06-20 23:00:00,0.7781223
2026-06-21 00:00:00,1.1278551
2026-06-21 01:00:00,1.367467
2026-06-21 02:00:00,1.3637824
2026-06-21 03:00:00,1.1937689
2026-06-21 04:00:00,0.9990083
2026-06-21 05:00:00,0.7956076
2026-06-21 06:00:00,0.6047716
2026-06-21 07:00:00,0.44347256
2026-06-21 08:00:00,0.32535687
2026-06-21 09:00:00,0.37664902
2026-06-21 10:00:00,0.5979165
2026-06-21 11:00:00,0.8624175
2026-06-21 12:00:00,1.2357228
2026-06-21 13:00:00,1.5049995
2026-06-21 14:00:00,1.5061443
2026-06-21 15:00:00,1.3379107
2026-06-21 16:00:00,1.125661
2026-06-21 17:00:00,0.9000842
2026-06-21 18:00:00,0.6908997
2026-06-21 19:00:00,0.51153994
2026-06-21 20:00:00,0.3374918
2026-06-21 21:00:00,0.22243887
2026-06-21 22:00:00,0.2818185
2026-06-21 23:00:00,0.52635336
2026-06-22 00:00:00,0.79646254
